UTS_17_0y_0939,UTS_17_0y_1037
UTS_17_1y_1148,UTS_16_0y_1205
UTS_17_1y_1176,UTS_16_0y_1115
UTS_17_1y_1273,UTS_16_0y_0572
UTS_17_2y_1291,UTS_16_1y_0065
UTS_17_2y_1303,UTS_16_1y_0060
UTS_17_1y_1689,UTS_17_1y_0568
UTS_17_1y_1774,UTS_16_0y_0702
UTS_17_2y_1778,UTS_16_1y_0078
UTS_17_2y_1784,UTS_16_1y_0215
UTS_17_1y_1966,UTS_16_2y_0036
UTS_17_2y_1968,UTS_16_1y_0121
UTS_17_0y_1997,UTS_17_0y_1996
UTS_17_1y_2444,UTS_17_1y_2472
UTS_17_1y_2470,UTS_16_0y_2337
UTS_16A_075,Uts_14A_058
Uts_14A_084,UTS_16A_088
UTS_16_0y_0955,UTS_17_1y_0571
UTS_16_0y_1066,UTS_16_0y_1067
UTS_16_0y_1274,UTS_16_0y_1275
UTS_16_0y_1894,UTS_16_0y_1654
UTS_16_0y_1912,UTS_16_0y_1957
Uts08,Uts_11_08
Uts12,Uts_11_12
Uts18,Uts_11_18
Uts24,Uts_11_24
Uts26,Uts_11_26
Uts28,Uts_11_28
Uts30,Uts_11_30
Uts40,Uts_11_40
Uts42,Uts_11_42
Uts46,Uts_11_46
Uts52,Uts_11_52
Uts54,Uts_11_54
Uts_11_07,Uts07
Uts_11_09,Uts09
Uts_11_15,Uts15
Uts_11_27,Uts27
Uts_11_29,Uts29
Uts_11_31,Uts31
Uts_11_39,Uts39
