UTS_15A_071,UTS_15A_075
Uts05,Uts_11_05
Uts07,Uts_11_07
Uts08,Uts_11_08
Uts09,Uts_11_09
Uts12,Uts_11_12
Uts15,Uts_11_15
Uts17,Uts_11_17
Uts18,Uts_11_18
Uts21,Uts_11_21
Uts24,Uts_11_24
Uts26,Uts_11_26
Uts27,Uts_11_27
Uts30,Uts_11_30
Uts31,Uts_11_31
Uts40,Uts_11_40
Uts42,Uts_11_42
Uts54,Uts_11_54
Uts28,Uts_11_28
Uts29,Uts_11_29
Uts37,Uts_11_37
Uts39,Uts_11_39
Uts52,Uts_11_52
Uts53,Uts_11_53
UTS_17_0y_0939,UTS_17_0y_1037
UTS_17_1y_1148,UTS_16_0y_1205
UTS_17_1y_1173,UTS_17_1y_1965
UTS_17_1y_1176,UTS_16_0y_1115
UTS_17_1y_1273,UTS_16_0y_0572
UTS_17_2y_1291,UTS_16_1y_0065
UTS_17_2y_1303,UTS_16_1y_0060
UTS_17_1y_1689,UTS_17_1y_0568
UTS_17_1y_1774,UTS_16_0y_0702
UTS_17_2y_1778,UTS_16_1y_0078
UTS_17_2y_1784,UTS_16_1y_0215
UTS_17_1y_1966,UTS_16_2y_0036
UTS_17_2y_1968,UTS_16_1y_0121
UTS_17_0y_1996,UTS_17_0y_1997
UTS_17_1y_2444,UTS_17_1y_2472
UTS_17_1y_2469,UTS_16_0y_1656
UTS_17_1y_2470,UTS_16_0y_2337
UTS_17_1y_2471,UTS_16_0y_1508
UTS_17_1y_0559,UTS_17_1y_0600
UTS_17_1y_0571,UTS_16_0y_0955
UTS_16_0y_0224,UTS_16_0y_2304
UTS_16_0y_1274,UTS_16_0y_1275
UTS_16_0y_1654,UTS_16_0y_1894
UTS_16_0y_1912,UTS_16_0y_1957
UTS_16_3y_0025,UTS_15_2y_0101
